パイナップル,3,1200,2017-12-13 12:30
リンゴ,2,180,2017-12-13 09:00
ブルーベリー,3,900,2017-12-13 12:30
パイナップル,3,1200,2017-12-13 12:30
ブルーベリー,2,600,2017-11-30 12:30
パイナップル,3,1200,2017-12-11 12:30
パイナップル,3,1200,2017-12-08 12:30
パイナップル,3,1200,2017-12-07 12:30
パイナップル,3,1200,2017-12-04 12:30
パイナップル,3,1200,2017-12-03 12:30
パイナップル,3,1200,2017-12-02 12:30
パイナップル,3,1200,2017-12-13 12:30
リンゴ,2,180,2017-12-01 09:00
ブルーベリー,3,900,2017-12-01 12:30
パイナップル,3,1200,2017-12-01 12:30
ブルーベリー,2,600,2017-11-30 12:30
リンゴ,1,90,2017-11-30 10:30
ブルーベリー,2,600,2017-11-29 12:30
リンゴ,1,90,2017-11-29 17:30
リンゴ,1,90,2017-11-29 13:30
ブルーベリー,3,900,2017-02-01 12:30
ブルーベリー,3,900,2017-11-02 10:30
ブルーベリー,3,900,2017-11-02 10:30
ブルーベリー,3,900,2017-11-02 10:30
ブルーベリー,3,900,2017-11-02 10:30
リンゴ,3,270,2017-11-01 10:34
